RegionName,Value,Z-Score
"New York, NY",672829.1444414546,2.1792988846000285
"Los Angeles, CA",950360.2575245462,3.7366300139127158
"Chicago, IL",322672.9087005275,0.21444096296212484
"Dallas, TX",371956.830325443,0.4909915250539094
"Houston, TX",307166.05398056534,0.12742618719571824
"Washington, DC",566342.0075063729,1.5817596343944669
"Philadelphia, PA",363118.5012760223,0.44139634703273184
"Miami, FL",487336.3494058328,1.1384292654676178
"Atlanta, GA",380729.49714705953,0.5402182476963603
"Boston, MA",693663.3220488109,2.296207266442792
"Phoenix, AZ",455688.5066051944,0.9608413538943573
"San Francisco, CA",1144598.0065069937,4.826570848356831
"Riverside, CA",580924.3487614879,1.663586618484903
"Detroit, MI",253313.78806192413,-0.1747590675220675
"Seattle, WA",735642.7049112283,2.531769322872137
"Minneapolis, MN",371247.0827767247,0.48700886545479827
"San Diego, CA",941481.53098775,3.6868081504437806
"Tampa, FL",375126.3645481779,0.5087769699204429
"Denver, CO",578369.136829835,1.6492483663194142
"Baltimore, MD",385414.4337486312,0.5665071834752456
"St. Louis, MO",251256.15109927533,-0.18630523998237106
"Orlando, FL",395512.3900529283,0.6231706022913295
"Charlotte, NC",380274.9120700177,0.5376674003930301
"San Antonio, TX",283115.9911694695,-0.007527732246212645
"Portland, OR",543633.8756538373,1.4543357926866627
"Sacramento, CA",578065.7243789308,1.6475458052999843
"Pittsburgh, PA",215661.5764883396,-0.3860397434780457
"Cincinnati, OH",284439.55718245025,-0.00010070710723983829
"Austin, TX",451837.127283451,0.9392298205354056
"Las Vegas, NV",429494.9778453141,0.8138596433713434
"Kansas City, MO",301108.43744527333,0.09343462965447386
"Columbus, OH",312008.26349733095,0.15459764026755995
"Indianapolis, IN",278883.06395354046,-0.03128027389190382
"Cleveland, OH",229992.97892715945,-0.30562087116948483
"San Jose, CA",1565484.940477881,7.188325236584988
"Nashville, TN",438996.9804168671,0.8671789423540791
"Virginia Beach, VA",349129.68357046583,0.36289984610664955
"Providence, RI",486815.0727178292,1.1355041865307203
"Jacksonville, FL",357778.34478077217,0.4114307267710336
"Milwaukee, WI",346027.94103209017,0.34549480579796327
"Oklahoma City, OK",233193.42908193183,-0.2876619454170832
"Raleigh, NC",442317.8419718453,0.8858135416184754
"Memphis, TN",238705.27493677524,-0.2567329117877949
"Richmond, VA",366896.6704813732,0.4625970709801833
"Louisville, KY",257535.0216925952,-0.15107214296749513
"New Orleans, LA",238449.27330281943,-0.25816943293774947
"Salt Lake City, UT",542917.0846963739,1.450313609880321
"Hartford, CT",364105.7271131821,0.44693604134228626
"Buffalo, NY",265156.7242938835,-0.10830391209243634
"Birmingham, AL",249613.8853879154,-0.1955206086179516
"Rochester, NY",255005.03437286927,-0.16526885037808356
"Grand Rapids, MI",324399.52027782955,0.22412962787501733
"Tucson, AZ",348697.082937226,0.36047236176004555
"Urban Honolulu, HI",868820.1754085078,3.279078041611864
"Tulsa, OK",234998.33806877455,-0.2775339243834744
"Fresno, CA",395622.421630862,0.6237880307288836
"Worcester, MA",455130.142363037,0.9577081627859914
"Omaha, NE",286916.73398611235,0.013799660697645788
"Bridgeport, CT",624505.7014902687,1.908137928455568
"Greenville, SC",296847.4934053948,0.06952487510534867
"Albuquerque, NM",334439.4151293425,0.28046724211074503
"Bakersfield, CA",354491.5152997978,0.39298709423340344
"Albany, NY",335346.8075464701,0.28555896116882395
"Knoxville, TN",342979.6575212632,0.32838974413606536
"Baton Rouge, LA",236323.01813496143,-0.2701006478742739
"McAllen, TX",184814.3246505437,-0.5591352389959293
"New Haven, CT",371446.81930152496,0.48812966198199353
"El Paso, TX",217984.82974456056,-0.37300309840788837
"Allentown, PA",333021.57217619696,0.2725111937135726
"Oxnard, CA",869089.9612899426,3.2805919113425044
"Columbia, SC",249417.7779951687,-0.19662104072453612
"North Port, FL",442763.0251167656,0.8883116311556368
"Charleston, SC",437114.7496225868,0.8566170396689338
"Greensboro, NC",254135.2241199046,-0.17014968182249054
"Stockton, CA",536469.9112777353,1.4141361026113712
"Cape Coral, FL",382448.2180877668,0.5498626352889097
"Boise City, ID",471627.5264200307,1.0502811700383028
"Colorado Springs, CO",455716.7601297423,0.9609998950135943
"Little Rock, AR",218955.30357972728,-0.36755740586228863
"Lakeland, FL",312987.67057474627,0.160093460584727
"Akron, OH",219906.00717078664,-0.36222265156876604
"Des Moines, IA",281117.973789056,-0.018739356877625103
"Springfield, MA",352084.6989142197,0.379481545114381
"Ogden, UT",493060.8918551908,1.1705518194343434
"Madison, WI",410758.3548823507,0.7087214270673514
"Winston, NC",265357.70448762894,-0.1071761368725049
"Deltona, FL",342531.1352515707,0.3258729175178804
"Syracuse, NY",237808.91683415024,-0.26176271317014166
"Provo, UT",526688.9983127577,1.3592517328401983
"Toledo, OH",189113.27078225013,-0.5350122404615619
"Wichita, KS",213840.51758697737,-0.39625838773705635
"Durham, NC",409401.6141981605,0.7011082464101548
"Augusta, GA",230205.7076243991,-0.30442717069162073
"Palm Bay, FL",352272.7554876929,0.3805368010555555
"Jackson, MS",194484.813519569,-0.5048705002280782
"Harrisburg, PA",284637.12736830435,0.0010079332799104261
"Spokane, WA",408682.26502482215,0.6970717084953959
"Scranton, PA",210108.87531861648,-0.4171980315968693
"Chattanooga, TN",306661.8814354259,0.12459708601723023
"Modesto, CA",464654.6892073597,1.0111539661356856
"Lancaster, PA",352095.7008901055,0.37954328132601006
"Portland, ME",517767.81095924176,1.3091916058089583
"Youngstown, OH",159151.7076521274,-0.7031378045724138
"Lansing, MI",231337.79945105003,-0.29807457900091505
"Fayetteville, AR",341266.91090122715,0.31877888069673416
"Fayetteville, NC",240882.6985124118,-0.24451457173082658
"Lexington, KY",295236.9314492313,0.0604874081267573
"Pensacola, FL",304255.09662866447,0.11109171409878804
"Santa Rosa, CA",795723.0806356888,2.868902836794563
"Reno, NV",545557.398540431,1.4651294007832831
"Huntsville, AL",304778.4837780072,0.11402863562552745
"Port St. Lucie, FL",398023.3158045547,0.6372603480966218
"Lafayette, LA",186607.1949352667,-0.5490747716335442
"Myrtle Beach, SC",335628.5084561826,0.2871396905903921
"Springfield, MO",254754.1790189912,-0.1666764938210444
"Visalia, CA",346138.93206145527,0.3461176180772229
"Killeen, TX",252667.9544164224,-0.17838308224720648
"Asheville, NC",431007.7480175046,0.8223483639853189
"York, PA",282058.60400111426,-0.013461128090455795
"Vallejo, CA",587072.1802902054,1.6980844061782612
"Santa Maria, CA",974812.086175528,3.8738383921149566
"Salinas, CA",834017.9030428125,3.0837894430694397
"Salem, OR",440522.6810692895,0.8757402207406169
"Mobile, AL",190319.80015750104,-0.5282419517770429
"Reading, PA",288140.91006513336,0.020668971653237944
"Corpus Christi, TX",218071.11288962996,-0.3725189313310556
"Brownsville, TX",188659.5188081537,-0.5375584129119131
"Manchester, NH",483913.42693920137,1.1192219641625818
"Fort Wayne, IN",240014.3782715953,-0.24938704215842486
"Gulfport, MS",211615.584158306,-0.4087433233921118
"Salisbury, MD",420231.4357889596,0.7618784357445832
"Flint, MI",181109.6099642596,-0.5799237820968419
"Peoria, IL",149094.72085122604,-0.7595713281443865
"Canton, OH",202472.1899574957,-0.46005033635478393
"Savannah, GA",340561.01870286587,0.3148178549139497
"Anchorage, AK",379362.4248522449,0.5325470924983542
"Beaumont, TX",165224.96431401392,-0.6690584844169477
"Shreveport, LA",167825.3240137867,-0.6544668911974375
"Trenton, NJ",421181.3378072999,0.7672086921130481
"Montgomery, AL",192510.09797024095,-0.5159513695487934
"Davenport, IA",175266.0916847,-0.6127139540540355
"Tallahassee, FL",276011.5166327276,-0.04739360252852937
"Eugene, OR",449938.3492024781,0.9285750648206098
"Naples, FL",594619.036490101,1.7404326458331971
"Ann Arbor, MI",401887.8841166359,0.6589458898252625
"Ocala, FL",280715.2855316724,-0.020998991668353548
"Hickory, NC",252883.7107408516,-0.17717239261804388
"Huntington, WV",148059.32697651128,-0.7653813113721417
"Fort Collins, CO",551485.9227548084,1.4983965729117275
"Rockford, IL",194768.3241864236,-0.5032796155806597
"Lincoln, NE",285608.8282467675,0.006460511225497745
"Gainesville, FL",303192.54889035283,0.10512936036168441
"Boulder, CO",727478.4600788351,2.4859566841248215
"Green Bay, WI",313690.69618224865,0.16403840085144092
"Columbus, GA",187381.5216611884,-0.544729734058692
"South Bend, IN",221225.62967008984,-0.3548177549635664
"Spartanburg, SC",265395.2834766742,-0.1069652670756086
"Greeley, CO",498030.5235199524,1.1984382859525464
"Lubbock, TX",204414.3588274764,-0.44915209865450334
"Clarksville, TN",274321.1269870892,-0.05687901260229033
"Roanoke, VA",277969.9366534026,-0.036404173528714
"Evansville, IN",208711.92978787224,-0.4250368167219479
"Kingsport, TN",231222.4774580363,-0.2987216939410006
"Kennewick, WA",426717.4202133731,0.7982737261182149
"Utica, NY",209493.12442143649,-0.4206532407423518
"Hagerstown, MD",307921.275161762,0.13166401639594116
"Duluth, MN",242186.19571321525,-0.23720016022131268
"Olympia, WA",514340.33642562287,1.2899587611493648
"Longview, TX",212726.0336461612,-0.402512174978678
"Wilmington, NC",430613.3459199651,0.8201352259441779
"San Luis Obispo, CA",883637.1242369282,3.3622214967567423
"Crestview, FL",439316.3144462989,0.8689708453200504
"Merced, CA",413551.84573436336,0.7243967515920905
"Waco, TX",254241.74254493057,-0.16955196700307623
"Cedar Rapids, IA",219666.7959917873,-0.36356495518077125
"Atlantic City, NJ",360984.9140615904,0.4294239892339018
"Bremerton, WA",556445.3553832743,1.5262258088133847
"Sioux Falls, SD",331606.38772030285,0.26457006314121945
"Santa Cruz, CA",1150789.6597441763,4.861314536086312
"Erie, PA",197082.036551629,-0.4902965080271247
"Norwich, CT",387993.6492659934,0.5809801287597329
"Amarillo, TX",206039.45530734363,-0.44003307301403033
"Laredo, TX",205283.6764050744,-0.4442740317962958
"Tuscaloosa, AL",218398.11602977884,-0.37068399410949665
"College Station, TX",299406.0063602624,0.08388165054973715
"Kalamazoo, MI",263201.7099686189,-0.11927423045841815
"Lynchburg, VA",271767.1668349923,-0.07121024056336549
"Charleston, WV",141445.60020749888,-0.8024934119353241
"Yakima, WA",337785.5616909563,0.29924372502739577
"Fargo, ND",301801.5993635028,0.09732422106251781
"Binghamton, NY",183899.63105907012,-0.5642679276806685
"Fort Smith, AR",185007.7368397015,-0.5580499306871857
"Appleton, WI",316058.37228548084,0.1773243191714864
"Topeka, KS",205284.58957263324,-0.44426890767075233
"Macon, GA",186115.10362174877,-0.5518360804918286
"Tyler, TX",271735.4850540179,-0.07138801891475594
"Barnstable Town, MA",728732.1384229,2.4929915433507595
"Daphne, AL",387866.8718373382,0.5802687330753152
"Bellingham, WA",605443.737557813,1.8011741019927627
"Burlington, VT",468993.4474719195,1.0355003654741222
"Rochester, MN",316566.70785007166,0.18017678061294287
"Lafayette, IN",264892.598276638,-0.10978602220307677
"Champaign, IL",208544.35495515983,-0.42597714193656366
"Medford, OR",430047.1993521422,0.8169583652887018
"Charlottesville, VA",441129.71393825737,0.8791465097611801
"Lake Charles, LA",184224.1256728552,-0.56244706674105
"Las Cruces, NM",286459.55439269886,0.011234254590200906
"Chico, CA",394710.9501829479,0.6186734226997241
"Hilton Head Island, SC",524040.8258816817,1.3443918444590799
"Athens, GA",348038.6560195748,0.35677768146332284
"Lake Havasu City, AZ",359133.45978929143,0.41903478515253134
"Columbia, MO",296009.84588939924,0.06482452083674187
"Springfield, IL",175836.8515305625,-0.6095112065658385
"Houma, LA",172706.44349487088,-0.6270770997274228
"Monroe, LA",151224.07881359302,-0.747622702264552
"Elkhart, IN",243751.4826473778,-0.22841674836597983
"Johnson City, TN",261896.9746231289,-0.1265955896619816
"Yuma, AZ",278423.22507873847,-0.03386060222425501
"Gainesville, GA",383752.01511533937,0.5571787292388382
"Jacksonville, NC",273136.1965705303,-0.06352810143156398
"Florence, SC",178074.11381062082,-0.5969570891032362
"Hilo, HI",562991.5160446279,1.562958770614161
"St. Cloud, MN",301602.93033769104,0.09620941467238069
"Racine, WI",277288.1856271926,-0.040229734143389234
"Bend, OR",673285.9371086246,2.1818621195192525
"Saginaw, MI",158681.07900749758,-0.7057786783486409
"Warner Robins, GA",237744.898376471,-0.26212194473840406
"Terre Haute, IN",155365.3467044182,-0.7243844954575399
"Torrington, CT",393282.2662441093,0.6106565414672539
"Punta Gorda, FL",341373.2070274859,0.31937534811441975
"Billings, MT",397904.755377718,0.6365950610901807
"Redding, CA",369220.2567837595,0.4756355848972423
"Kingston, NY",420922.32933128375,0.7657552984449477
"Panama City, FL",347242.6502395705,0.3523109945879584
"Joplin, MO",209693.46071403017,-0.4195290786931986
"Dover, DE",350956.4032291306,0.3731502549972534
"El Centro, CA",345869.5789099024,0.3446061765561919
"Jackson, TN",198608.70939432745,-0.4817297743164478
"Yuba City, CA",426423.78971682064,0.7966260553121681
"Bowling Green, KY",246994.6809970366,-0.210217946464634
"St. George, UT",523611.27887790935,1.341981495172305
"Muskegon, MI",234057.18905162317,-0.28281506438053516
"Abilene, TX",189844.48736150545,-0.5309091100827964
"Iowa City, IA",284837.04452154785,0.0021297433810231734
"Auburn, AL",312331.79850869795,0.15641311651822995
"Midland, TX",302513.64943515667,0.10131980098109751
"Bloomington, IL",235842.59728414004,-0.27279646939080077
"Hattiesburg, MS",200725.6051980323,-0.46985107828126144
"Oshkosh, WI",274941.15186007455,-0.05339982057613688
"Eau Claire, WI",301263.1968260068,0.09430304256318166
"Greenville, NC",241336.7683914634,-0.24196661539658085
"Burlington, NC",283061.92055306264,-0.007831142747385207
"Waterloo, IA",190599.0709082953,-0.5266748588882962
"Coeur d'Alene, ID",556218.228919916,1.524951317071723
"East Stroudsburg, PA",300046.65343383537,0.08747656147519994
"Pueblo, CO",292417.6295919915,0.04466724837445562
"Blacksburg, VA",267620.72398678085,-0.09447748599650123
"Wausau, WI",240553.83088180705,-0.2463599713073805
"Kahului, HI",1063797.0686854362,4.373166491817187
"Janesville, WI",262290.12974916334,-0.1243894488454779
"Tupelo, MS",173891.9761631594,-0.6204246314378943
"Bloomington, IN",291680.0663377073,0.04052850442256555
"Odessa, TX",231173.35750510055,-0.2989973244133013
"Jackson, MI",211062.91926499573,-0.4118445333172588
"State College, PA",327173.9686752423,0.239698098047473
"Sebastian, FL",376057.97983232007,0.5140046125671384
"Madera, CA",409564.66925244033,0.7020232094534002
"Decatur, AL",225130.1363759857,-0.33290810393326464
"Chambersburg, PA",272326.190601623,-0.06807334861590683
"Vineland, NJ",255519.03413153975,-0.1623846050199889
"Idaho Falls, ID",391596.2383087655,0.601195606585277
"Grand Junction, CO",408070.77373092674,0.693640401580982
"Elizabethtown, KY",226531.59392589063,-0.32504400017699925
"Niles, MI",252453.02052601843,-0.17958915689070123
"Monroe, MI",245895.68087685548,-0.2163848481833758
"Santa Fe, NM",551124.224330552,1.4963669474428556
"Concord, NH",453345.2887846355,0.9476926801684529
"Alexandria, LA",153563.61106973398,-0.734494709622413
"Traverse City, MI",401116.1994510105,0.6546156778413114
"Bangor, ME",267026.5584822328,-0.09781157141098748
"Homosassa Springs, FL",282280.21992487134,-0.012217558052544543
"Hanford, CA",347680.6561839126,0.35476881016175227
"Jefferson City, MO",247021.73380358052,-0.21006614302429866
"Florence, AL",203391.77049415972,-0.4548902251883354
"Dothan, AL",182364.13440835828,-0.572884175086389
"London, KY",139384.32663431336,-0.8140599907808113
"Albany, GA",155189.03209018955,-0.7253738628630201
"Sioux City, IA",206394.98855167933,-0.43803804268118346
"Wichita Falls, TX",164130.99589408204,-0.6751971513790727
"Texarkana, TX",169661.47877914275,-0.6441635383857163
"Valdosta, GA",202079.7597454587,-0.4622524094070583
"Logan, UT",443494.0704870119,0.8924138008164623
"Flagstaff, AZ",621672.9427814586,1.8922422572637736
"Rocky Mount, NC",195117.2783247643,-0.5013215030782326
"Pottsville, PA",142357.60667858887,-0.7973758016905304
"Dalton, GA",236045.4882956316,-0.2716579718560795
"Lebanon, PA",283424.46980602853,-0.00579674295962589
"Morristown, TN",277383.1725434365,-0.03969672694322074
"Winchester, VA",364928.029396592,0.45155028775751893
"Wheeling, WV",138491.08553138122,-0.8190723015092353
"Morgantown, WV",231248.6409871988,-0.2985748805694662
"La Crosse, WI",295837.1997431473,0.06385573858048538
"Napa, CA",897544.7591651663,3.4402624506817063
"Rapid City, SD",354493.9799396533,0.3930009242516917
"Sumter, SC",184817.5111457558,-0.5591173583765924
"Eureka, CA",440869.1147162871,0.8776841898211184
"Springfield, OH",186837.3004097543,-0.5477835635435255
"Harrisonburg, VA",321227.8196182742,0.20633202631922978
"Battle Creek, MI",179842.51960437445,-0.5870339011720693
"Sherman, TX",286090.39606700995,0.009162768817475405
"Manhattan, KS",241201.2402959509,-0.24272711435359293
"Carbondale, IL",132587.7042096211,-0.8521983874404642
"Johnstown, PA",109334.25500029976,-0.9826822092911893
"Jonesboro, AR",189252.039124262,-0.5342335592665873
"Bismarck, ND",330736.4608340871,0.25968857722391175
"Hammond, LA",205261.02479956424,-0.4444011384475033
"Pittsfield, MA",371566.2238830547,0.4887996858569135
"Mount Vernon, WA",573821.9991917224,1.6237326721889977
"Jamestown, NY",169618.96120897832,-0.644402120412878
"The Villages, FL",401768.70596471085,0.6582771365317488
"Albany, OR",407911.0200765461,0.6927439639303539
"Glens Falls, NY",293548.3778911378,0.051012301028608646
"Lawton, OK",136479.26595963375,-0.8303613754110317
"Cleveland, TN",291000.1181078757,0.03671305997428579
"Sierra Vista, AZ",254661.5596609728,-0.16719621576434904
"Ames, IA",248831.428106901,-0.19991126978579063
"Mansfield, OH",179422.05167673854,-0.5893933043586553
"Staunton, VA",306770.1517261327,0.1252046312118009
"Augusta, ME",313250.4176629416,0.16156783300747005
"Altoona, PA",171271.9561324952,-0.6351265461452176
"New Bern, NC",251552.1875293589,-0.18464406858123267
"Farmington, NM",244040.56945633577,-0.2267945738945751
"St. Joseph, MO",187470.597861356,-0.5442298941025125
"San Angelo, TX",227547.91832730544,-0.3193410229135834
"Wenatchee, WA",498048.5950646519,1.1985396921653588
"Owensboro, KY",191259.5986909021,-0.5229683898506376
"Holland, MI",315323.29729311744,0.17319953779014963
"Lumberton, NC",133537.6486862262,-0.8468678928227568
"Lawrence, KS",311120.1182747193,0.1496139244341954
"Goldsboro, NC",173279.13396866588,-0.6238635187620527
"Watertown, NY",214495.9328739656,-0.39258060682912416
"Sheboygan, WI",285319.7099397707,0.0048381600067875985
"Weirton, WV",128286.3853918696,-0.8763347000058138
"Missoula, MT",563153.17389829,1.5638658934408927
"Bozeman, MT",707060.186043335,2.3713820931570653
"Anniston, AL",157383.9218652116,-0.7130575134127566
"Beckley, WV",134880.6377434123,-0.8393318777005313
"Williamsport, PA",220461.68570541168,-0.3591045309723076
"Brunswick, GA",300224.429454495,0.08847412938008464
"California, MD",408057.3313254202,0.6935649712037689
"Twin Falls, ID",359166.3133227606,0.4192191386464911
"Cookeville, TN",278439.29913680867,-0.033770404657830794
"Muncie, IN",154655.74046590732,-0.7283663621120963
"Michigan City, IN",236876.0755369125,-0.2669972354359815
"Roseburg, OR",337422.5365116305,0.2972066546383937
"Lewiston, ME",323478.399460186,0.21896087361450045
"Longview, WA",410036.75049203896,0.7046722342846138
"Ogdensburg, NY",138847.249481367,-0.8170737320505174
"Kankakee, IL",205167.56035211336,-0.44492560250445995
"Bluefield, WV",136603.19620695373,-0.82966595632857
"Show Low, AZ",386293.7655270044,0.5714414437685931
"Richmond, KY",237730.09265113372,-0.26220502521433225
"Tullahoma, TN",296267.2829204363,0.0662690965378879
"Whitewater, WI",366075.762617927,0.45799064917817217
"Ithaca, NY",338671.24860637326,0.3042136463774061
"Grand Forks, ND",248751.30365051297,-0.20036087815137585
"Decatur, IL",109994.89915627585,-0.9789750872389241
"LaGrange, GA",186939.65366199584,-0.547209221070239
"Bay City, MI",168817.60085671648,-0.6488988538007512
"Fond du Lac, WI",263976.92919791146,-0.11492418471252844
"Gettysburg, PA",307189.8841537018,0.12755990723175314
"Gadsden, AL",171756.98177849827,-0.632404885396466
"Kalispell, MT",642012.8702180767,2.006377216090977
"Danville, VA",155046.01009755023,-0.7261764128864722
"Mankato, MN",294005.7337328479,0.05357869613132609
"Lima, OH",174014.1731632663,-0.6197389382553855
"Salem, OH",150748.42954540372,-0.7502917486419368
"Truckee, CA",619073.2362234961,1.8776543290678414
"Sebring, FL",243315.24902007435,-0.2308646188043809
"Cheyenne, WY",366667.1300759762,0.4613090337046913
"Hot Springs, AR",247870.34766908604,-0.20530425245701492
"Adrian, MI",221071.41706726656,-0.3556830996964184
"Shelby, NC",194722.72201743536,-0.5035355064483199
"Dubuque, IA",252484.9107130216,-0.17941020909494618
"Meridian, MS",120672.82019259888,-0.9190572688672233
"Pinehurst, NC",400589.8033255484,0.6516618718214211
"Paducah, KY",147565.63390984453,-0.768151608267884
"Victoria, TX",216603.8202082639,-0.38075246069329294
"Rome, GA",223817.17076383103,-0.34027564624882967
"Sevierville, TN",411238.8274102796,0.7114175385635035
"Moses Lake, WA",358220.9350580012,0.4139142667554444
"Ashtabula, OH",173662.1325839076,-0.6217143699355534
"Cape Girardeau, MO",213396.6649441684,-0.3987490113280306
"Albertville, AL",224991.70390521988,-0.3336849004287506
"Fairbanks, AK",302693.2644168513,0.10232768798582481
"Brainerd, MN",342115.0501208603,0.32353810784807047
"Cumberland, MD",158988.23580032692,-0.7040551064228159
"Ocean City, NJ",714441.6039484228,2.4128019965126133
"Corvallis, OR",538475.3870365535,1.4253895790003572
"Pocatello, ID",339763.6864497899,0.31034372470085014
"Corning, NY",165147.34833382527,-0.6694940167820838
"New Philadelphia, OH",197604.95431588904,-0.48736222039606925
"Sunbury, PA",144176.38727727707,-0.7871699418420199
"Ukiah, CA",503983.06432170985,1.2318402241572384
"Hermiston, OR",300308.62032777054,0.08894655593543348
"Clarksburg, WV",155964.01614364257,-0.7210251367769398
"Parkersburg, WV",162882.03296930678,-0.6822055506194403
"Beaver Dam, WI",285965.53347835474,0.00846211801822215
"Pine Bluff, AR",98907.6297818247,-1.0411899126114526
"Grants Pass, OR",398784.25594911474,0.6415302685444683
"Cullman, AL",235298.38246417436,-0.27585026278625374
"Lufkin, TX",190159.05103241545,-0.5291439753870251
"Zanesville, OH",192601.1394020371,-0.5154405019411284
"New Castle, PA",156184.12173406532,-0.7197900417856317
"Oak Harbor, WA",617143.0378874406,1.866823262521487
"Orangeburg, SC",146961.3915304578,-0.7715422388051787
"Watertown, WI",329725.1983491929,0.2540140042719404
"Meadville, PA",148540.97412692578,-0.7626786086288256
"Elmira, NY",156033.58673966836,-0.7206347500787704
"Great Falls, MT",325453.20540654816,0.23004225018686625
"Laurel, MS",143069.57541461076,-0.7933806781766765
"Russellville, AR",182955.5195109436,-0.5695656915497624
"Indiana, PA",153212.8766497822,-0.7364628119524347
"Midland, MI",219970.77115731535,-0.36185923655861063
"Kokomo, IN",174901.64611438257,-0.6147589947894341
"Bloomsburg, PA",230832.6111603873,-0.30090937990836414
"Opelousas, LA",123474.3894113158,-0.9033366135981119
"Helena, MT",464078.4845426622,1.007920665727598
"Key West, FL",1015447.469179918,4.101858761439579
"Talladega, AL",186500.25306447624,-0.5496748625659043
"Stillwater, OK",217090.82248564655,-0.3780197083247788
"Columbus, IN",259581.38237402783,-0.13958924594887362
"Athens, TX",276457.63487019605,-0.044890265836488814
"Centralia, WA",436718.00926172704,0.8543907807556252
"Manitowoc, WI",235908.6812302669,-0.2724256475924521
"Hinesville, GA",236165.3282938778,-0.27098550469471405
"DuBois, PA",122030.35462709292,-0.9114396341794738
"Warsaw, IN",273879.81619979365,-0.059355372888969686
"Plattsburgh, NY",212969.60265154412,-0.4011454179689694
"Statesboro, GA",265879.8693019557,-0.10424607432582624
"Casper, WY",293711.4997288553,0.05192763881876178
"Wilson, NC",206090.20230795536,-0.43974831256719626
"Glenwood Springs, CO",923161.3615698554,3.584006811120691
"Seneca, SC",274867.7712238839,-0.05381158683815684
"Minot, ND",243821.1245591452,-0.22802596148844606
"Olean, NY",152063.665594854,-0.7429114660514585
"Chillicothe, OH",202030.76773717764,-0.46252732193393165
"Searcy, AR",193328.2492432587,-0.5113604160091956
"Grand Island, NE",239825.98875114197,-0.2504441663899356
"Port Angeles, WA",497885.4907737174,1.197624452836784
"Auburn, NY",214020.73835006755,-0.39524710146579495
"Huntsville, TX",264948.06286143576,-0.1094747896226271
"Keene, NH",362742.50880591647,0.4392865123133804
"Heber, UT",1087916.1306913754,4.5085075916110195
"Quincy, IL",165309.08852639233,-0.6685864319208855
"Sandusky, OH",223627.6185980947,-0.34133929451892986
"Findlay, OH",227906.5059604802,-0.31732885325978893
"Frankfort, KY",229357.8188944743,-0.30918499225128837
"Danville, IL",82300.26166165354,-1.1343800816782064
"Aberdeen, WA",326202.8767521866,0.23424893717899084
"Portsmouth, OH",128732.7631247898,-0.8738299071875016
"Somerset, PA",161674.50988501823,-0.6889814153779376
"Wisconsin Rapids, WI",210848.5894812846,-0.4130472180916042
"Jefferson, GA",391458.3606841161,0.6004219235393766
"Kapaa, HI",983985.8268836276,3.9253156907077424
"Palatka, FL",213625.6291751832,-0.3974642071830204
"Gallup, NM",203276.13204049,-0.4555391159078113
"Hobbs, NM",162502.81648111643,-0.6843334765130343
"Shawnee, OK",174103.05333951188,-0.6192401982629271
"Mount Airy, NC",223704.549226011,-0.34090760792235086
"Stevens Point, WI",284814.41462350806,0.002002758538570575
"Greeneville, TN",234796.2719905599,-0.27866779290828947
"Greenwood, SC",160140.6809238278,-0.6975883047524922
"Lake City, FL",264245.2627131282,-0.11341846475326832
"Klamath Falls, OR",288349.46995539125,0.02183927939213067
"Morehead City, NC",452817.5949925293,0.9447315924544929
"Clearlake, CA",316582.4619965986,0.1802651830357544
"Alamogordo, NM",221526.70118921052,-0.35312832979005176
"Roanoke Rapids, NC",95840.54491612031,-1.058400475724696
"Farmington, MO",184832.46652450683,-0.5590334381392507
"Muskogee, OK",144295.9413422232,-0.7864990791596052
"Marion, IN",139510.81863930295,-0.8133501967155943
"Faribault, MN",336297.76644026366,0.2908951480617079
"Richmond, IN",156512.0398197906,-0.7179499704614061
"Marquette, MI",230546.3287233994,-0.3025158179972111
"North Wilkesboro, NC",226624.14471454456,-0.3245246630021073
"Mount Pleasant, MI",205846.93962231,-0.4411133507020101
"Rio Grande City, TX",119207.91478332046,-0.9272774023507251
"Marion, OH",172154.14705417928,-0.6301762421267836
"Baraboo, WI",312522.2081719376,0.15748157652832007
"Red Bluff, CA",314436.4220586368,0.16822294833634052
"Marinette, WI",181337.59788230908,-0.5786444564099258
"Roswell, NM",147295.03123323704,-0.7696700613424767
"Shelton, WA",459500.63432649086,0.9822326318067309
"Dublin, GA",157686.45087596925,-0.7113599097072144
"Nacogdoches, TX",219648.6251059751,-0.3636669188338124
"Somerset, KY",165357.86019437425,-0.668312755806042
"Coos Bay, OR",347680.27794704266,0.354766687732864
"Forest City, NC",209953.6012794137,-0.4180693324472075
"Martinsville, VA",128277.8634328856,-0.8763825199127822
"Rexburg, ID",408066.2407779272,0.6936149654821769
"Lewiston, ID",357226.50021232344,0.40833411999624647
"Laconia, NH",479317.2018034462,1.0934308216786834
"Georgetown, SC",394568.75842487393,0.6178755314336952
"Athens, OH",171247.01876179848,-0.635266479081881
"Sanford, NC",279489.53401929466,-0.027877142971182316
"Enid, OK",129922.33546886477,-0.8671547707625533
"Mount Vernon, OH",269550.7479170503,-0.08364739810640161
"Walla Walla, WA",408398.5471257687,0.6954796609904127
"Albemarle, NC",285657.5181992741,0.006733728804171641
"Hutchinson, KS",141963.11557051772,-0.7995894392031371
"Hudson, NY",441030.6855028539,0.8785908240817342
"Starkville, MS",235270.5474761977,-0.2760064553398688
"Carlsbad, NM",212316.91660761196,-0.40480788407084817
"Gillette, WY",335353.7744264262,0.2855980549443266
"Sturgis, MI",204662.19517762595,-0.4477613959733679
"Rutland, VT",308221.06263318926,0.13334623629642411
"Crossville, TN",299661.76515029283,0.08531680901137778
"Sayre, PA",193456.6820738729,-0.5106397312437316
"Salina, KS",170005.84495387622,-0.6422311706672392
"Marietta, OH",185713.63499913635,-0.5540888714545825
"Fergus Falls, MN",336102.2862392836,0.28979823536327703
"Barre, VT",387192.3113111687,0.5764835210522771
"Fremont, OH",174930.66810993094,-0.6145961414912934
"Oneonta, NY",207119.23426461188,-0.4339740284469184
"Columbus, MS",170179.07915406616,-0.6412590886198596
"Norwalk, OH",174288.44479142452,-0.618199897318054
"Batavia, NY",206314.0118760052,-0.4384924331687026
"Ardmore, OK",175389.37368697746,-0.6120221725175516
"Palestine, TX",202557.904876034,-0.4595693578100603
"Fort Madison, IA",115145.9704352356,-0.9500704950189132
"Charleston, IL",124741.60425513465,-0.8962257959968601
"Fernley, NV",399743.2394309535,0.6469114844095056
"Carson City, NV",470695.23835377255,1.0450497521589106
"Eagle Pass, TX",202603.91887200132,-0.45931115602681555
"Calhoun, GA",265129.85222330835,-0.10845470135548814
"Cullowhee, NC",395282.705305625,0.6218817550592836
"Kearney, NE",276711.3463164659,-0.04346659578829266
"Fairmont, WV",164493.11685667196,-0.6731651548891904
"Ontario, OR",350815.6429703806,0.37236039641063845
"Gaffney, SC",169410.9324915622,-0.6455694475418046
"Picayune, MS",216636.50490178377,-0.38056905462359114
"Sterling, IL",126822.84224866636,-0.8845471893036178
"Branson, MO",254325.02047233147,-0.16908466332931757
"Cedar City, UT",405491.6777921831,0.6791681272969566
"Waycross, GA",143832.8111151712,-0.7890978765034468
"Oxford, MS",344746.14046183764,0.3383021422171151
"Jasper, IN",226843.09745899023,-0.32329603706180915
"Edwards, CO",1330953.277943361,5.872280145939192
"Durango, CO",661952.8511975642,2.118267925396645
"Kinston, NC",142597.707557347,-0.7960285056396065
"Sonora, CA",396788.1491453381,0.6303293648748912
"Tiffin, OH",161363.117065796,-0.6907287572360522
"Batesville, AR",146721.11905159566,-0.7728904977686236
"Point Pleasant, WV",149882.98257697094,-0.7551480960609238
"Elko, NV",344316.2700006248,0.3358899778893689
"Danville, KY",200535.8641127116,-0.4709157866499806
"Glasgow, KY",187445.60772361732,-0.5443701231348322
"St. Marys, GA",291169.1196366335,0.03766139091531853
"Boone, NC",504653.3093010557,1.2356012200290356
"Warrensburg, MO",265433.125291764,-0.1067529224632357
"Gloversville, NY",206115.56508151072,-0.43960599253559807
"Fort Leonard Wood, MO",209879.55370673948,-0.4184848411398891
"Poplar Bluff, MO",156434.50689850116,-0.7183850367519177
"Elizabeth City, NC",247161.3546858201,-0.20928267790646632
"Payson, AZ",378329.6590773857,0.5267518565242331
"Athens, TN",243274.5110769329,-0.23109321467708713
"Enterprise, AL",197485.6492836196,-0.48803168566276617
"Ashland, OH",227499.5376683718,-0.31961250493005716
"Scottsboro, AL",184467.7974703096,-0.5610797329264889
"Milledgeville, GA",185674.9585860799,-0.5543058993090592
"Kerrville, TX",367200.59468915313,0.46430250365931386
"Bartlesville, OK",169502.95649854906,-0.6450530663363511
"Platteville, WI",208245.87429839312,-0.42765202881002684
"Corsicana, TX",213722.2690724441,-0.396921924486619
"Greenville, OH",202175.76739998723,-0.46171367446167283
"Rochelle, IL",201670.6379480473,-0.46454814520298815
"Douglas, GA",150128.12511336713,-0.7537725093787411
"Oil City, PA",128704.60599953464,-0.8739879073741642
"Mason City, IA",190801.70655861727,-0.5255377942808394
"Jacksonville, TX",227197.6521495485,-0.3213064977610934
"Galesburg, IL",98618.66976269924,-1.04281137561757
"Pahrump, NV",335622.33231824235,0.2871050339648108
"Paris, TX",193144.29600623087,-0.5123926465911249
"Winona, MN",262573.8589582076,-0.12279733787589595
"Newport, OR",483474.8519233216,1.1167609553150302
"Morgan City, LA",111911.60252508524,-0.9682197460134101
"Shelbyville, TN",318662.2881831064,0.19193586755046171
"Amsterdam, NY",199972.3804986076,-0.4740777044737276
"Ozark, AL",154764.77179571652,-0.7277545464417884
"Alice, TX",113740.99996270228,-0.9579543111011345
"Gardnerville Ranchos, NV",662429.1600073628,2.1209406727092794
"Fort Polk South, LA",153368.10076897664,-0.7355917912219796
"Ca-¦on City, CO",340413.700473234,0.31399119709395873
"Natchez, MS",111924.31243068482,-0.9681484259678089
"New Castle, IN",169544.18561068783,-0.6448217143302486
"Clovis, NM",154300.53298240685,-0.7303595644787603
"Norfolk, NE",234686.69939359472,-0.27928264583154505
"Cadillac, MI",207850.29624666303,-0.4298717655710281
"Ruston, LA",208400.25580247055,-0.4267857363089121
"Sidney, OH",217997.55814176923,-0.3729316745989355
"Pullman, WA",375093.48531717295,0.5085924722279748
"Malone, NY",172055.8344030932,-0.6307279112720581
"Del Rio, TX",200762.78809180608,-0.46964243112343995
"Blackfoot, ID",351390.9099077033,0.3755884348788471
"Red Wing, MN",317098.53102570336,0.18316103984608045
"Nogales, AZ",268012.79916854744,-0.09227740515218441
"Tahlequah, OK",193740.6944379588,-0.5090460313850486
"Kendallville, IN",234622.0447305893,-0.2796454473864231
"Montrose, CO",467272.0586314048,1.0258410072954864
"Cortland, NY",191969.03400667864,-0.518987482307627
"Mount Sterling, KY",165627.2015126345,-0.6668013806860525
"Clinton, IA",167678.73981614684,-0.6552894300887132
"Sandpoint, ID",636984.3853222056,1.9781605020273751
"Bardstown, KY",246171.8011455135,-0.21483543383109524
"Wapakoneta, OH",214731.3455885788,-0.39125961782493485
"Plymouth, IN",245300.41553856435,-0.21972510517735136
"Lewistown, PA",173263.10094543218,-0.6239534860666243
"Bemidji, MN",266279.9725636384,-0.10200094491515904
"Bellefontaine, OH",234263.3299521164,-0.28165833050015565
"Seymour, IN",218557.7409386883,-0.36978827889797733
"Burley, ID",318919.5324095588,0.19337936135279551
"Durant, OK",220411.3587816509,-0.35938693421043305
"Moultrie, GA",138015.1751420611,-0.8217428131351863
"Bogalusa, LA",117976.46160571078,-0.9341875478348761
"Cornelia, GA",302537.3836102711,0.10145298233623873
"Hillsdale, MI",199036.41052483147,-0.4793297829166485
"Thomasville, GA",206854.68117495024,-0.4354585350210068
"Paragould, AR",181795.54391094297,-0.5760747495471022
"Greenville, MS",64396.471760893335,-1.2348449594188875
"Burlington, IA",130669.467607147,-0.8629623322149209
"Madisonville, KY",138851.69175320034,-0.8170488047977346
"Menomonie, WI",291711.7606774275,0.040706353245787634
"Shawano, WI",247603.61274354893,-0.20680100213022895
"Vicksburg, MS",166097.38851893562,-0.6641629851080697
"Bedford, IN",199738.1656083308,-0.475391972036469
"Washington, NC",240345.91566934725,-0.24752666151744127
"Freeport, IL",140967.20699431511,-0.8051778556168508
"Harrison, AR",217549.70594978437,-0.37544474115987325
"Rolla, MO",208730.14895323964,-0.42493458215422125
"Coldwater, MI",193410.41249286244,-0.5108993672104791
"Marion, NC",263039.97136599827,-0.12018180639783073
"Huntingdon, PA",177587.97376828574,-0.5996850031476235
"Ellensburg, WA",509576.3776849974,1.2632264025207447
"Ponca City, OK",102337.42962017911,-1.0219440197951692
"Lawrenceburg, TN",229468.4200817461,-0.3085643675221765
"McAlester, OK",138267.3621496771,-0.8203276972838295
"Mount Pleasant, TX",215460.34570931812,-0.387168924825912
"Willmar, MN",266980.96525247506,-0.09806741211727389
"Rockingham, NC",122843.75430878904,-0.9068753436002799
"Muscatine, IA",190368.22573896628,-0.5279702176834016
"Lewisburg, PA",264863.9830849913,-0.10994659277200382
"Auburn, IN",231812.50234647212,-0.2954108430759474
"Duncan, OK",130499.73789401246,-0.8639147492715072
"Sedalia, MO",172434.56891427553,-0.6286026899321621
"Cedartown, GA",214895.10814129224,-0.3903406847427187
"Henderson, NC",181561.37186887136,-0.5773887766724994
"Aberdeen, SD",221654.4985074521,-0.35241121112278107
"Rock Springs, WY",280100.3781051788,-0.02444946778357497
"Garden City, KS",226939.1273775696,-0.32275717718448715
"Stephenville, TX",314199.7124249894,0.16689468183320097
"Celina, OH",249482.61470914836,-0.1962572176133859
"Wilmington, OH",229787.71993276765,-0.3067726563440792
"Bucyrus, OH",142735.24851683874,-0.7952567117481306
"Alma, MI",159119.76579527612,-0.7033170423070589
"El Campo, TX",199321.44235398265,-0.47773036245725964
"Mountain Home, AR",220314.95713296268,-0.3599278800047674
"Gainesville, TX",306288.7362995202,0.12250322875761697
"Tifton, GA",185846.42364937975,-0.5533437445520664
"Blytheville, AR",91558.13655072633,-1.0824306746518355
"McMinnville, TN",244022.58732804924,-0.2268954783583695
"Astoria, OR",522542.0272187244,1.335981523221703
"Bradford, PA",108862.94399301536,-0.9853269120601074
"Espa-¦ola, NM",304043.94382386154,0.10990685654423042
"McComb, MS",99790.55054295354,-1.0362355131902579
"Big Stone Gap, VA",122305.47283843864,-0.9098958427464707
"Marshalltown, IA",161192.47180245302,-0.6916863117881222
"Big Rapids, MI",210829.41515661427,-0.41315481241629437
"Austin, MN",187459.68530804187,-0.5442911285305649
"Selinsgrove, PA",215104.13119070596,-0.3891677780441519
"West Plains, MO",206686.1198630162,-0.43640439574039236
"Okeechobee, FL",279188.3109195761,-0.029567418720263243
"Houghton, MI",168246.22487898648,-0.6521050586358609
"Moscow, ID",451472.6290570985,0.937184484327252
"Clewiston, FL",274084.0079528161,-0.058209576405836086
"Riverton, WY",316588.8823616452,0.18030121011119696
"El Dorado, AR",120645.96476523344,-0.9192079647389855
"Selma, AL",75788.55795429247,-1.170919692591301
"Pittsburg, KS",128810.72883985694,-0.8733924123288377
"Hannibal, MO",186261.4669621192,-0.5510147809134971
"Warren, PA",138950.70091855133,-0.816493227249778
"Alexandria, MN",335182.38276671426,0.2846363120823863
"Urbana, OH",231498.4955019846,-0.2971728532098931
"Greenwood, MS",89257.96327704236,-1.0953378092866777
"Cambridge, OH",147977.66394134104,-0.7658395532801281
"Williston, ND",317065.8297916285,0.18297754096112326
"Defiance, OH",178936.14900806957,-0.5921198864104044
"Sikeston, MO",147860.42778191087,-0.7664974093256484
"Safford, AZ",274440.9901856409,-0.056206415255312295
"Jacksonville, IL",114764.47468799986,-0.9522112106895656
"Ada, OK",171924.86917968295,-0.6314628062429621
"Brownwood, TX",186983.69344110752,-0.5469620973579575
"Crawfordsville, IN",209604.81171020647,-0.42002652149052516
"Logansport, IN",156903.8056614589,-0.7157516254403606
"Scottsbluff, NE",184973.40378081644,-0.5582425863529676
"Natchitoches, LA",162535.15403291862,-0.6841520183856631
"Newberry, SC",230101.41174329352,-0.30501241398380685
"Lock Haven, PA",184554.48807079223,-0.5605932794645667
"Centralia, IL",102291.614922498,-1.0222011032410079
"Easton, MD",480776.3573095312,1.1016186902995748
"Owatonna, MN",282384.2186134366,-0.011633982419127508
"Mount Vernon, IL",106709.2556439935,-0.9974120648615722
"Laramie, WY",369267.0849124165,0.475898355084249
"Murray, KY",99169.6938966193,-1.0397193726085259
"Fremont, NE",228325.9533524385,-0.31497517668151603
"Bennington, VT",372294.78721115744,0.4928879278486875
"Sault Ste. Marie, MI",172083.24564174103,-0.6305740965348019
"Campbellsville, KY",177822.9219082142,-0.5983666210461719
"Dyersburg, TN",162144.56123508353,-0.686343781017955
"Escanaba, MI",176660.90810303445,-0.6048871161769491
"Mayfield, KY",145548.41359710574,-0.7794709877522643
"Kill Devil Hills, NC",593899.262324755,1.736393723128942
"Sulphur Springs, TX",251670.72871533144,-0.183978889542494
"Hutchinson, MN",280142.32948047266,-0.024214062888113716
"Coshocton, OH",163160.72147105,-0.6806417249484198
"Huntington, IN",192276.87566223004,-0.5172600673602953
"DeRidder, LA",158394.60501062789,-0.7073861913518055
"Vincennes, IN",146716.29261818097,-0.7729175806960719
"Bay City, TX",207537.43506155408,-0.4316273469806625
"North Platte, NE",203970.11664026443,-0.4516449081251734
"Peru, IN",144830.9471099245,-0.7834969612091265
"Pontiac, IL",146143.69213669616,-0.7761306566808489
"Lebanon, MO",217050.44126097317,-0.3782463025164175
"Newport, TN",224364.2941412705,-0.33720553184689556
"Decatur, IN",222393.09356315387,-0.34826667734628725
"Vidalia, GA",166381.9181336303,-0.6625663827622897
"Brenham, TX",333888.39913377777,0.27737528476906387
"Vernal, UT",329793.4718241827,0.2543971123376517
"Ottumwa, IA",123300.83666215342,-0.9043104831432084
"Butte, MT",274996.4896878801,-0.05308929927669497
"Corinth, MS",151152.0863190523,-0.748026679143323
"Brookhaven, MS",177544.1300388778,-0.5999310267515129
"Emporia, KS",164783.4975404916,-0.6715357200008287
"Jackson, WY",1479448.5804329738,6.705542963050946
"Big Spring, TX",134228.94150463477,-0.8429887896345832
"Effingham, IL",200638.3252858354,-0.47034083859216125
"Dodge City, KS",203840.4127857166,-0.45237272508246973
"Watertown, SD",327108.7977790402,0.23933239971457893
"Angola, IN",305608.9043281637,0.11868843667922949
"Dixon, IL",162722.7821399672,-0.6830991667302406
"Laurinburg, NC",135224.35446538785,-0.8374031543049762
"Taos, NM",437164.0812996204,0.8568938582045283
"Brookings, SD",296163.54998328345,0.06568701213528329
"Americus, GA",125058.15683539108,-0.8944495007850509
"Columbus, NE",269132.9119410758,-0.08599203242542669
"Taylorville, IL",110290.67483695368,-0.9773153790004631
"Arcadia, FL",253252.7210642897,-0.17510173734143752
"Lewisburg, TN",315941.41403357085,0.17666802256925682
"Seneca Falls, NY",205527.54666653692,-0.4429055843257756
"Dickinson, ND",289869.4336424425,0.03036836551503006
"Washington, IN",217899.6633813474,-0.3734809988030145
"Troy, AL",164899.9033096223,-0.6708825235866143
"Malvern, AR",156161.27450277188,-0.7199182461664545
"Frankfort, IN",201251.2317519004,-0.46690159061611797
"Madison, IN",217357.91148572275,-0.376520971806574
"Brevard, NC",454095.41903692594,0.9519019422578582
"Susanville, CA",230924.893462162,-0.30039154931401446
"Martin, TN",175867.18886382246,-0.6093409724146429
"Plainview, TX",116702.6560838485,-0.9413353482016502
"Dayton, TN",244175.8947647427,-0.22603521285204273
"Jackson, OH",120806.29266128864,-0.918308304803023
"Cambridge, MD",261236.62241717463,-0.1303010734732146
"Paris, TN",195919.9506396741,-0.49681740777605216
"Juneau, AK",487535.03076955583,1.1395441410904006
"Coffeyville, KS",88393.54510463844,-1.1001883837454238
"Las Vegas, NM",222163.75476043325,-0.3495535833535759
"Berlin, NH",249065.28910198197,-0.1985989880616778
"Cleveland, MS",125478.16989744113,-0.8920926500198085
"Hastings, NE",198276.08390894448,-0.48359626062508215
"Beeville, TX",153094.79914301643,-0.7371253891132985
"Kingsville, TX",141400.90285692026,-0.8027442255276475
"Wabash, IN",178023.30997107577,-0.5972421684946355
"Breckenridge, CO",990357.026688588,3.961066881545813
"Albert Lea, MN",179529.28824638436,-0.5887915597605275
"Sheridan, WY",429819.334049331,0.8156797276418594
"Union City, TN",147913.8818331811,-0.766197458602624
"Miami, OK",124635.4865414924,-0.896821262274463
"Iron Mountain, MI",165721.538067379,-0.666272022908095
"Jesup, GA",196187.31362085624,-0.49531713384713905
"McPherson, KS",206871.26106635187,-0.4353654990341095
"Kirksville, MO",172759.24384099824,-0.6267808171890465
"Ludington, MI",249505.19525083705,-0.19613050972792442
"Bainbridge, GA",158990.1003680737,-0.7040446436341126
"Alpena, MI",174819.1523261851,-0.6152218983641277
"Washington Court House, OH",219569.7963757757,-0.364109256393951
"Hays, KS",230156.62829765852,-0.30470257319510846
"Fort Morgan, CO",343416.6770449968,0.3308420245339898
"Van Wert, OH",174385.31960454272,-0.6176562964207011
"Kennett, MO",83957.29915578956,-1.1250818230311346
"Weatherford, OK",159286.44744308584,-0.7023817290878109
"Mountain Home, ID",344687.26772478776,0.3379717852165716
"Mineral Wells, TX",251047.6416871047,-0.18747526446979051
"Lincoln, IL",123839.7333809108,-0.9012865316075329
"Silver City, NM",188432.6329616753,-0.538831554462048
"Elkins, WV",156435.87810161078,-0.718377342417169
"Macomb, IL",91167.90243104142,-1.0846204246065487
"Camden, AR",96826.8268052656,-1.0528660782613621
"Crescent City, CA",363961.3757095101,0.4461260314950984
"North Vernon, IN",205273.31471610608,-0.44433217511797013
"Thomaston, GA",175008.56744707678,-0.6141590191040325
"Grants, NM",139681.74480280405,-0.8123910659274199
"Bennettsville, SC",84129.91998612478,-1.1241131828319784
"Fredericksburg, TX",528045.9869945677,1.3668663051050203
"Toccoa, GA",217801.81762490145,-0.3740300480274119
"The Dalles, OR",394185.80003274087,0.6157266083141392
"Greensburg, IN",232650.83628771172,-0.2907066370179371
"Indianola, MS",95821.0719471814,-1.0585097458543469
"La Grande, OR",310796.3936998651,0.14779738447172638
"Ottawa, KS",232425.12871130332,-0.2919731668529444
"New Ulm, MN",221546.7563375344,-0.3530157928335974
"Lexington, NE",197008.86502875536,-0.49070710087592073
"Great Bend, KS",111084.45178279471,-0.9728611989492381
"Spearfish, SD",426988.6767448071,0.7997958482173869
"Wauchula, FL",218853.54947144425,-0.36812838631418904
"Marshall, MN",206996.68016602696,-0.4346617254428729
"Deming, NM",137222.62029035404,-0.82619013555803
"Mexico, MO",164291.53588573076,-0.6742963012952146
"Fallon, NV",368820.6944863353,0.4733934910398517
"Altus, OK",106121.81563600368,-1.0007084109933024
"Uvalde, TX",186570.5720641931,-0.5492802762940276
"Hailey, ID",952921.9336914312,3.751004539325706
"Steamboat Springs, CO",1107496.6967656324,4.618381489129222
"Summerville, GA",163237.38344246414,-0.680211545884201
"Moberly, MO",163754.95274390958,-0.6773072704832793
"Middlesborough, KY",81603.08966053807,-1.1382921751648103
"Woodward, OK",119140.01903878896,-0.9276583908292135
"Prineville, OR",460749.1259379666,0.9892383863314669
"Hood River, OR",681226.3145663901,2.2264185544936934
"Forrest City, AR",73950.0757950165,-1.1812361052829088
"Connersville, IN",149582.7918203655,-0.7568325789457441
"Mitchell, SD",245985.8607549936,-0.2158788150763055
"Marshall, MO",161972.45855672928,-0.687309513672077
"Brookings, OR",475390.7736260523,1.0713981610528627
"Yankton, SD",263420.9054228826,-0.11804424258233268
"Wahpeton, ND",205951.4052064632,-0.4405271551423975
"Magnolia, AR",125839.4214846528,-0.8900655319211256
"Elk City, OK",137201.85005839367,-0.8263066851168727
"Liberal, KS",139188.96312344837,-0.8151562486872564
"Worthington, MN",215963.82767194192,-0.384343698764837
"Oskaloosa, IA",179997.06725167646,-0.58616667637903
"Pampa, TX",89201.59235315253,-1.0956541276755838
"Clarksdale, MS",49711.59564084278,-1.3172473050795281
"Sterling, CO",254183.91291571897,-0.1698764707344502
"Beatrice, NE",186538.43426302177,-0.5494606135457174
"Jamestown, ND",204194.9871063112,-0.4503830756302602
"Levelland, TX",157521.523472495,-0.7122853792037832
"Grenada, MS",119977.14386553064,-0.9229609695659803
"Maryville, MO",204771.3613747242,-0.44714882351213586
"Arkadelphia, AR",146049.32295091354,-0.7766601975637955
"Dumas, TX",169680.25885701497,-0.6440581563276241
"Guymon, OK",152885.9458084139,-0.738297343478429
"Borger, TX",103105.20320716864,-1.0176357543398116
"Pierre, SD",281658.2197193974,-0.01570783440989625
"Huron, SD",202307.1633696128,-0.4609763624122564
"Storm Lake, IA",187325.2634054301,-0.5450454202244698
"Cordele, GA",126626.20932871294,-0.8856505703403933
"Evanston, WY",315556.5451348436,0.17450837888090118
"Raymondville, TX",103698.68891038623,-1.0143054835454661
"Port Lavaca, TX",200281.24134349023,-0.47234457047293715
"Othello, WA",299825.53278088296,0.08623577058746394
"Vineyard Haven, MA",1521551.1450172004,6.941796238305469
"Parsons, KS",88665.32069433706,-1.0986633490157203
"Price, UT",257049.47964634444,-0.15379670143164875
"Portales, NM",144863.37233073066,-0.7833150111381046
"Los Alamos, NM",564651.8106393053,1.5722753060735442
"Hereford, TX",160930.5111709713,-0.6931562711073815
"Andrews, TX",225082.0306345957,-0.33317804328432715
"Spirit Lake, IA",390938.44182123645,0.5975044638683348
"Fitzgerald, GA",114213.00034437304,-0.9553057399940699
"Winnemucca, NV",314098.1929852725,0.16632501819460868
"Maysville, KY",152620.87265068255,-0.739784768349444
"Snyder, TX",124807.58133244015,-0.8958555738795362
"Helena, AR",46609.69430957946,-1.3346532364346426
"Spencer, IA",183137.69326678023,-0.5685434463039717
"Atchison, KS",163874.38483691894,-0.6766370922311323
"Fairfield, IA",176079.29103963322,-0.6081507875834159
"Vermillion, SD",255411.4863400236,-0.16298809600071643
"Sweetwater, TX",108663.6581161028,-0.9864451798330448
"Pecos, TX",152717.74602023765,-0.7392411755524648
"Zapata, TX",119439.17665410286,-0.9259797052875324
"Ketchikan, AK",389885.01326962747,0.5915932813068455
"Craig, CO",289940.6771405519,0.030768139494006162
"Vernon, TX",87762.11131118756,-1.1037315955018174
"Lamesa, TX",87869.12785062949,-1.1031310855756589
